year,n,real_vol,pred_EWMA,pred_VIX,pred_COMBO,cov95_EWMA-MC,cov95_VIX-MC,cov95_CONST,cov95_COMBO
2011,247,20.59907040951949,20.260067122353934,23.835829959514175,23.903201449281223,0.902834008097166,0.9311740890688259,0.9230769230769231,0.9757085020242915
2012,251,16.23990127240063,15.685460790833824,19.72848605577689,19.748174459870192,0.9760956175298805,0.9760956175298805,0.9880478087649402,0.9800796812749004
2013,222,16.81248668314852,16.911269345042427,18.927432432432433,16.9700554937268,0.9279279279279279,0.9414414414414415,0.8873873873873874,0.954954954954955
2014,243,16.420490380199375,12.794798072029783,17.118600823045266,15.777902711484023,0.9300411522633745,0.9588477366255144,0.9547325102880658,0.9670781893004116
2015,248,13.997496584679261,15.8948222435543,17.619758064516127,16.4950644418205,0.9556451612903226,0.9354838709677419,0.967741935483871,0.9758064516129032
2016,247,13.783863282527232,14.694282111987608,16.6021052631579,15.871006047102515,0.9757085020242915,0.979757085020243,0.9757085020242915,0.9919028340080972
2017,236,10.641183417725173,9.63354656431557,12.619957627118644,11.498027335457763,0.9703389830508474,0.9957627118644068,0.9872881355932204,0.9872881355932204
2018,246,13.918603674423835,12.085979388732818,15.075284552845531,12.685187047455617,0.8699186991869918,0.9227642276422764,0.8577235772357723,0.926829268292683
2019,244,12.417195715797025,13.534267656238267,16.536803278688524,14.893396711339896,0.9549180327868853,0.9672131147540983,0.9672131147540983,0.9795081967213115
2020,252,37.41852929847171,26.105125347641795,26.747341269841268,24.932719574821906,0.8809523809523809,0.9047619047619048,0.8928571428571429,0.9087301587301587
2021,248,13.868402290025871,14.951135506102053,18.01383064516129,19.116161864464384,0.9233870967741935,0.9717741935483871,1.0,0.9556451612903226
2022,248,16.874092901603838,17.008361879333677,19.322983870967743,20.28674425787006,0.9717741935483871,0.9435483870967742,0.9354838709677419,0.9798387096774194
2023,246,12.653090397531411,9.734017979427133,12.443943089430892,12.45853005752204,0.8902439024390244,0.9065040650406504,0.9105691056910569,0.8902439024390244
2024,249,11.211509262396685,13.3844597528986,14.670040160642566,15.401460113230995,0.9718875502008032,0.9598393574297188,0.9799196787148594,0.9959839357429718
2025,249,9.83621426118622,11.465991658211276,13.378393574297192,13.774270429721893,0.9799196787148594,0.9879518072289156,0.9839357429718876,0.9919678714859438
2026,163,14.980608118804584,14.56916633008497,15.317668711656443,15.918951554293384,0.8773006134969326,0.8650306748466258,0.901840490797546,0.901840490797546
