,forecast_date,move_pct,ewma_1sig_pct,z_ewma,vix_1sig_pct,z_vix
2220,2020-02-19,-37.239710042141205,3.9550271743365126,-11.778620411273977,4.047225387019276,-11.510296400144965
2221,2020-02-20,-35.426315201331036,3.8572356591343504,-11.338773487007094,3.954849343948936,-11.058909612283735
2218,2020-02-17,-31.39974098856032,3.9615952267459913,-9.513184816106927,4.162695440857201,-9.05360194952934
2217,2020-02-14,-30.08762986597543,4.034301170098156,-8.872108657756948,3.9317553331813504,-9.103506018586714
2219,2020-02-18,-27.075672295184482,3.8730310792306364,-8.15247496888583,4.1886762029707345,-7.538130759486935
2225,2020-02-27,-28.815555345430777,4.211926003718601,-8.069844177976204,5.129757141749824,-6.625964075870628
2222,2020-02-24,-29.684937528530607,4.422664827934604,-7.963166188635079,4.907477288111819,-7.1764804916753695
2216,2020-02-13,-26.346547950043743,4.119954979318885,-7.422391135387394,3.8595865495326476,-7.923107028237139
2223,2020-02-25,-26.754337636359004,4.2983658513681275,-7.243477346718275,4.878609774652337,-6.381964762596987
2224,2020-02-26,-25.844500577985187,4.3210079960758065,-6.919819501583972,5.271207957701283,-5.672437065219672
2215,2020-02-12,-24.618889945251297,4.241918148214017,-6.662398053551935,3.9317553331813504,-7.1879719919195075
2228,2020-03-03,-28.482832447161442,5.831692261777411,-5.7484627862135245,7.084087802956707,-4.732192327357252
